cgpa,package
5.0,1.57
5.01,1.49
5.02,1.61
5.03,1.75
5.04,1.5
5.05,1.5
5.06,1.78
5.07,1.67
5.08,1.49
5.09,1.65
5.1,1.51
5.11,1.52
5.12,1.63
5.13,1.32
5.14,1.35
5.15,1.54
5.16,1.48
5.17,1.68
5.18,1.51
5.19,1.44
5.2,1.88
5.21,1.63
5.22,1.69
5.23,1.47
5.24,1.61
5.25,1.72
5.26,1.54
5.27,1.77
5.28,1.63
5.29,1.69
5.3,1.65
5.31,2.03
5.32,1.75
5.33,1.61
5.34,1.9
5.35,1.6
5.36,1.82
5.37,1.5
5.38,1.6
5.39,1.84
5.4,1.93
5.41,1.85
5.42,1.82
5.43,1.8
5.44,1.63
5.45,1.75
5.46,1.8
5.47,2.03
5.48,1.94
5.49,1.63
5.5,1.95
5.51,1.85
5.52,1.81
5.53,2.02
5.54,2.09
5.55,2.08
5.56,1.82
5.57,1.91
5.58,2.01
5.59,2.12
5.6,1.91
5.61,1.96
5.62,1.83
5.63,1.82
5.64,2.13
5.65,2.22
5.66,2.02
5.67,2.19
5.68,2.1
5.69,1.96
5.7,2.11
5.71,2.3
5.72,2.07
5.73,2.32
5.74,1.7
5.75,2.22
5.76,2.12
5.77,2.07
5.78,2.14
5.79,1.83
5.8,2.11
5.81,2.2
5.82,2.38
5.83,2.09
5.84,2.05
5.85,2.1
5.86,2.33
5.87,2.25
5.88,2.12
5.89,2.29
5.9,2.23
5.91,2.37
5.92,2.13
5.93,2.19
5.94,2.19
5.95,2.04
5.96,2.31
5.97,2.32
5.98,2.28
5.99,2.26
6.0,2.09
6.01,2.24
6.02,2.26
6.03,2.2
6.04,2.31
6.05,2.4
6.06,2.63
6.07,2.38
6.08,2.4
6.09,2.36
6.1,2.09
6.11,2.38
6.12,2.41
6.13,2.77
6.14,2.38
6.15,2.47
6.16,2.42
6.17,2.26
6.18,2.62
6.19,2.56
6.2,2.58
6.21,2.33
6.22,2.69
6.23,2.27
6.24,2.58
6.25,2.83
6.26,2.36
6.27,2.43
6.28,2.54
6.29,2.46
6.3,2.31
6.31,2.56
6.32,2.4
6.33,2.64
6.34,2.43
6.35,2.81
6.36,2.47
6.37,2.55
6.38,2.73
6.39,2.43
6.4,2.65
6.41,2.82
6.42,2.39
6.43,2.67
6.44,2.69
6.45,2.78
6.46,2.48
6.47,2.48
6.48,2.76
6.49,2.74
6.5,2.74
6.51,2.76
6.52,2.61
6.53,2.76
6.54,2.78
6.55,2.63
6.56,3.03
6.57,2.83
6.58,2.59
6.59,2.87
6.6,2.63
6.61,2.91
6.62,2.97
6.63,2.68
6.64,2.96
6.65,2.88
6.66,2.95
6.67,3.12
6.68,2.81
6.69,2.74
6.7,2.73
6.71,2.75
6.72,2.86
6.73,2.94
6.74,2.93
6.75,3.02
6.76,2.91
6.77,3.13
6.78,2.88
6.79,3.34
6.8,3.03
6.81,2.82
6.82,2.8
6.83,3.04
6.84,2.94
6.85,3.09
6.86,3.06
6.87,2.99
6.88,2.88
6.89,2.78
6.9,2.95
6.91,3.16
6.92,3.07
6.93,2.86
6.94,3.08
6.95,3.12
6.96,2.94
6.97,3.1
6.98,3.09
6.99,2.92
7.0,3.15
7.01,3.19
7.02,3.28
7.03,3.28
7.04,2.93
7.05,3.0
7.06,3.23
7.07,3.23
7.08,3.24
7.09,3.75
7.1,3.27
7.11,3.36
7.12,3.34
7.13,3.3
7.14,3.16
7.15,3.33
7.16,3.11
7.17,3.2
7.18,3.17
7.19,3.26
7.2,3.61
7.21,2.99
7.22,3.38
7.23,3.04
7.24,3.22
7.25,3.46
7.26,3.32
7.27,3.15
7.28,3.22
7.29,3.43
7.3,3.23
7.31,3.38
7.32,3.36
7.33,3.27
7.34,3.69
7.35,3.48
7.36,3.08
7.37,3.42
7.38,3.3
7.39,3.54
7.4,3.3
7.41,3.41
7.42,3.51
7.43,3.57
7.44,3.27
7.45,3.41
7.46,3.4
7.47,3.38
7.48,3.75
7.49,3.55
7.5,3.31
7.51,3.65
7.52,3.83
7.53,3.68
7.54,3.3
7.55,3.47
7.56,3.74
7.57,3.45
7.58,3.63
7.59,3.69
7.6,3.44
7.61,3.58
7.62,3.11
7.63,3.45
7.64,3.57
7.65,3.43
7.66,3.87
7.67,3.42
7.68,3.58
7.69,3.67
7.7,3.88
7.71,3.45
7.72,3.85
7.73,3.69
7.74,3.54
7.75,3.77
7.76,3.74
7.77,3.63
7.78,3.73
7.79,3.67
7.8,3.76
7.81,3.85
7.82,3.99
7.83,3.58
7.84,4.09
7.85,3.49
7.86,3.77
7.87,3.88
7.88,3.85
7.89,3.72
7.9,3.79
7.91,3.75
7.92,3.75
7.93,3.97
7.94,3.91
7.95,3.76
7.96,4.0
7.97,3.92
7.98,4.01
7.99,3.99
8.0,3.78
8.01,3.82
8.02,4.03
8.03,4.02
8.04,3.93
8.05,3.96
8.06,4.14
8.07,3.87
8.08,4.05
8.09,3.94
8.1,3.95
8.11,4.15
8.12,4.12
8.13,4.13
8.14,4.21
8.15,4.02
8.16,4.13
8.17,3.99
8.18,4.09
8.19,4.03
8.2,4.07
8.21,4.16
8.22,3.95
8.23,4.4
8.24,3.94
8.25,3.92
8.26,4.28
8.27,4.23
8.28,4.22
8.29,4.23
8.3,4.14
8.31,4.01
8.32,4.17
8.33,4.06
8.34,4.32
8.35,4.16
8.36,4.06
8.37,4.15
8.38,4.27
8.39,4.13
8.4,4.1
8.41,4.26
8.42,4.27
8.43,4.17
8.44,4.18
8.45,4.29
8.46,4.05
8.47,4.06
8.48,4.18
8.49,4.26
8.5,4.35
8.51,4.53
8.52,4.44
8.53,4.3
8.54,4.33
8.55,4.19
8.56,4.35
8.57,4.31
8.58,4.41
8.59,4.25
8.6,4.46
8.61,4.62
8.62,4.38
8.63,4.46
8.64,4.52
8.65,4.36
8.66,4.46
8.67,4.44
8.68,4.46
8.69,4.34
8.7,4.46
8.71,4.54
8.72,4.69
8.73,4.63
8.74,4.81
8.75,4.38
8.76,4.64
8.77,4.54
8.78,4.85
8.79,4.41
8.8,4.41
8.81,4.46
8.82,4.24
8.83,4.49
8.84,4.46
8.85,4.6
8.86,4.64
8.87,4.88
8.88,4.75
8.89,4.53
8.9,4.49
8.91,4.7
8.92,4.44
8.93,4.92
8.94,4.83
8.95,4.59
8.96,4.41
8.97,4.88
8.98,4.67
8.99,4.88
9.0,4.46
9.01,4.62
9.02,4.72
9.03,4.73
9.04,4.66
9.05,4.83
9.06,4.59
9.07,4.73
9.08,4.78
9.09,4.85
9.1,4.89
9.11,4.62
9.12,4.57
9.13,5.0
9.14,4.86
9.15,4.71
9.16,5.06
9.17,4.85
9.18,5.02
9.19,4.86
9.2,5.17
9.21,5.13
9.22,4.84
9.23,5.03
9.24,4.99
9.25,5.11
9.26,4.76
9.27,5.02
9.28,5.08
9.29,4.67
9.3,4.76
9.31,4.64
9.32,4.92
9.33,5.07
9.34,5.2
9.35,4.99
9.36,5.23
9.37,4.79
9.38,4.75
9.39,5.0
9.4,5.08
9.41,5.02
9.42,4.73
9.43,5.03
9.44,4.86
9.45,5.16
9.46,5.12
9.47,4.94
9.48,5.01
9.49,4.93
9.5,5.09
9.51,5.25
9.52,4.97
9.53,5.2
9.54,5.05
9.55,5.02
9.56,5.13
9.57,5.0
9.58,5.08
9.59,4.99
9.6,5.47
9.61,5.19
9.62,5.09
9.63,5.24
9.64,5.2
9.65,5.19
9.66,5.32
9.67,5.35
9.68,5.16
9.69,5.17
9.7,5.22
9.71,4.92
9.72,5.05
9.73,5.49
9.74,5.54
9.75,5.26
9.76,5.39
9.77,5.36
9.78,5.79
9.79,5.5
9.8,5.32
9.81,5.2
9.82,5.12
9.83,5.39
9.84,5.26
9.85,5.17
9.86,5.29
9.87,5.23
9.88,5.66
9.89,5.54
9.9,5.42
9.91,5.65
9.92,5.45
9.93,5.31
9.94,5.68
9.95,5.54
9.96,5.31
9.97,5.45
9.98,5.35
9.99,5.28
